{"Square": 2059.505680257266, "Circle": 1649.0031547706778, "Right Triangle": 1527.1992298710804}