{"Right Triangle": 2237.53484831472, "Trapezoid": 617.6073287291854, "Purple Diamond": 878.3441808311819, "Yellow Diamond": 1324.678097700802}