{"Hexagon": 611.4509383425624, "Yellow Diamond": 629.9621020347176, "Purple Diamond": 1635.028801861377, "Equilateral Triangle": 4237.339263455828}