{"Quarter Circle": 3116.829197626056, "Equilateral Triangle": 1217.5140192839744, "Hexagon": 632.5209606210691, "Purple Diamond": 781.0979552047233, "Trapezoid": 783.5688212634867, "Yellow Diamond": 861.9108223157428}