{"Square": 1982.9217188962202, "Circle": 1602.1145525103025, "Right Triangle": 1537.559603293643}