{"Square": 2266.5311314949286, "Circle": 1816.118858651585, "Right Triangle": 1640.3171856577815}