{"Square": 604.6427147497934, "Hexagon": 592.206467374344, "Trapezoid": 1266.2353194377556, "Equilateral Triangle": 915.4637144638776, "Yellow Diamond": 2794.973233216496}