{"Square": 3469.3168567220005, "Yellow Diamond": 1612.0036015109968, "Equilateral Triangle": 4977.1415666176645, "Hexagon": 2337.653218693024, "Purple Diamond": 858.9054080630765}