{"Square": 1396.1666562589387, "Quarter Circle": 1657.167417303187, "Right Triangle": 2505.892724778983}