{"Square": 1526.4471989073195, "Quarter Circle": 1635.6804058317339, "Right Triangle": 2547.9568427430872}