{"Quarter Circle": 3136.4272664997197, "Equilateral Triangle": 1274.6562685282877, "Hexagon": 652.854118467518, "Purple Diamond": 804.8468798473409, "Trapezoid": 814.0846470115991, "Yellow Diamond": 876.4294038882995}