{"Square": 2275.2880260753604, "Circle": 1820.8112580448164, "Right Triangle": 1638.302766361394}