{"Square": 641.8908026292322, "Hexagon": 622.2316690751122, "Trapezoid": 1359.7314363737132, "Equilateral Triangle": 962.3463838452348, "Yellow Diamond": 2871.455060409614}