{"Square": 1587.0645941000812, "Quarter Circle": 1702.71847094118, "Right Triangle": 2671.928316749577}