{"Square": 582.1533368935112, "Hexagon": 577.0439893327024, "Trapezoid": 1206.2515500211737, "Equilateral Triangle": 883.8988050994582, "Yellow Diamond": 2769.02205673735}