{"Square": 2273.821039553735, "Circle": 1820.0245279639628, "Right Triangle": 1638.632322978248}