{"Square": 2173.9085663157152, "Circle": 1731.2598273753315, "Right Triangle": 1558.1859693024467}