{"Hexagon": 575.6878494462081, "Yellow Diamond": 594.4295584844348, "Purple Diamond": 1564.1519587744733, "Equilateral Triangle": 4038.170993200595}