{"Square": 2265.0821951230214, "Circle": 1815.3433381049063, "Right Triangle": 1640.6615622890736}