{"Square": 1771.285510659922, "Quarter Circle": 2337.9967987086666, "Right Triangle": 2676.7473342215753}