{"Square": 2325.704371827482, "Circle": 1849.1745090184727, "Right Triangle": 1588.2834354726347}