{"Square": 573.2523014872058, "Hexagon": 617.105172531132, "Trapezoid": 1277.1899736881896, "Equilateral Triangle": 860.8785097408132, "Yellow Diamond": 4187.357444788775}