{"Square": 2547.6399752748207, "Circle": 1852.3182142740147, "Right Triangle": 1733.2726051461125}