{"Square": 1763.6425586621267, "Quarter Circle": 1704.175737400611, "Right Triangle": 2706.4646176816814}