{"Square": 2086.4985008408626, "Circle": 1894.2150698692665, "Right Triangle": 1831.9567383388594}