{"Quarter Circle": 3539.404397726025, "Hexagon": 674.5164243593845, "Purple Diamond": 801.0171792655133, "Trapezoid": 826.9132953718967, "Yellow Diamond": 1573.2189989147278, "Equilateral Triangle": 1196.0765092775764}