{"Hexagon": 609.7711014430386, "Square": 631.5216052698343, "Yellow Diamond": 3140.406288491411, "Trapezoid": 1171.3346333177647, "Equilateral Triangle": 949.1630380450273}