{"Square": 2321.586515636888, "Circle": 1919.0894070454858, "Right Triangle": 1645.3727387711133}