{"Square": 2557.5177067333575, "Circle": 2095.191137334794, "Right Triangle": 1932.8836129302294}