{"Hexagon": 678.0788312571502, "Right Triangle": 1227.1082227105564, "Yellow Diamond": 712.4188019349234, "Equilateral Triangle": 4601.336314513678, "Purple Diamond": 1619.8995327423322}