{"Square": 625.2332837082683, "Hexagon": 645.3854904727931, "Trapezoid": 1368.5170575666739, "Equilateral Triangle": 949.1279988948914, "Yellow Diamond": 2926.6567405750284}