{"Trapezoid": 176.19118014530943, "Purple Diamond": 2235.897635667611, "Square": 3658.276612188816, "Hexagon": 3730.007647347284, "Equilateral Triangle": 5831.569438007184, "Yellow Diamond": 4313.100713295816}