{"Square": 2263.8938686369215, "Right Triangle": 1557.8348174870875, "Circle": 1567.3890122548219}