{"Equilateral Triangle": 2534.6361504901442, "Purple Diamond": 2342.987908770263, "Yellow Diamond": 2604.6579424633137, "Right Triangle": 2664.964409359928, "Trapezoid": 641.0608811432116}