{"Quarter Circle": 3717.008762451347, "Hexagon": 679.2223999007933, "Purple Diamond": 1431.5896486758566, "Trapezoid": 841.7548427187683, "Yellow Diamond": 910.8557497631444, "Equilateral Triangle": 5774.332649535878}