{"Hexagon": 725.5519185372823, "Right Triangle": 8301.155440602288, "Equilateral Triangle": 4153.263155560628, "Yellow Diamond": 722.943373842109, "Purple Diamond": 1564.6804468522032}