{"Square": 2180.961144795843, "Right Triangle": 1643.7168921756424, "Circle": 1699.3761567876204}