{"Square": 2448.893874786498, "Circle": 1921.372221000136, "Right Triangle": 1680.322726948788}