{"Square": 2384.7760896161763, "Right Triangle": 1744.2226785158814, "Circle": 1709.8415855660774}