{"Square": 2169.018602933261, "Circle": 1786.125279278492, "Right Triangle": 2131.9920094567938}