{"Square": 1935.8002247191316, "Circle": 1704.9461671522786, "Right Triangle": 1737.3908261892204}