{"Square": 1134.0779647061868, "Quarter Circle": 2665.4642021872414, "Right Triangle": 2556.917398822115}