{"Square": 2705.7468113579203, "Circle": 2009.0905158713663, "Right Triangle": 1589.0798726805065}