{"Square": 2318.0733477988665, "Circle": 1830.498700946384, "Right Triangle": 1604.1168484426025}