{"Square": 1807.5949936101806, "Quarter Circle": 1781.2239845530958, "Right Triangle": 2667.6782992756807}