{"Square": 1514.0911572881728, "Quarter Circle": 1684.3245723808277, "Right Triangle": 2569.4279333782188}