{"Square": 2431.7721093522628, "Right Triangle": 1710.6373578314335, "Circle": 1837.180389831523}